{
  "name": "Deploy-Private-DNS-Zones",
  "type": "Microsoft.Authorization/policySetDefinitions",
  "apiVersion": "2021-06-01",
  "scope": null,
  "properties": {
    "policyType": "Custom",
    "displayName": "Configure Azure PaaS services to use private DNS zones",
    "description": "This policy initiative is a group of policies that ensures private endpoints to Azure PaaS services are integrated with Azure Private DNS zones",
    "metadata": {
      "version": "1.1.0",
      "category": "Network",
      "source": "https://github.com/Azure/Enterprise-Scale/",
      "alzCloudEnvironments": [
        "AzureCloud"
      ]
    },
    "parameters": {
      "azureFilePrivateDnsZoneId": {
        "type": "string",
        "defaultValue": "",
        "metadata": {
          "displayName": "azureFilePrivateDnsZoneId",
          "strongType": "Microsoft.Network/privateDnsZones",
          "description": "Private DNS Zone Identifier"
        }
      },
      "azureAutomationWebhookPrivateDnsZoneId": {
        "type": "string",
        "defaultValue": "",
        "metadata": {
          "displayName": "azureAutomationWebhookPrivateDnsZoneId",
          "strongType": "Microsoft.Network/privateDnsZones",
          "description": "Private DNS Zone Identifier"
        }
      },
      "azureAutomationDSCHybridPrivateDnsZoneId": {
        "type": "string",
        "defaultValue": "",
        "metadata": {
          "displayName": "azureAutomationDSCHybridPrivateDnsZoneId",
          "strongType": "Microsoft.Network/privateDnsZones",
          "description": "Private DNS Zone Identifier"
        }
      },
      "azureCosmosSQLPrivateDnsZoneId": {
        "type": "string",
        "defaultValue": "",
        "metadata": {
          "displayName": "azureCosmosSQLPrivateDnsZoneId",
          "strongType": "Microsoft.Network/privateDnsZones",
          "description": "Private DNS Zone Identifier"
        }
      },
      "azureCosmosMongoPrivateDnsZoneId": {
        "type": "string",
        "defaultValue": "",
        "metadata": {
          "displayName": "azureCosmosMongoPrivateDnsZoneId",
          "strongType": "Microsoft.Network/privateDnsZones",
          "description": "Private DNS Zone Identifier"
        }
      },
      "azureCosmosCassandraPrivateDnsZoneId": {
        "type": "string",
        "defaultValue": "",
        "metadata": {
          "displayName": "azureCosmosCassandraPrivateDnsZoneId",
          "strongType": "Microsoft.Network/privateDnsZones",
          "description": "Private DNS Zone Identifier"
        }
      },
      "azureCosmosGremlinPrivateDnsZoneId": {
        "type": "string",
        "defaultValue": "",
        "metadata": {
          "displayName": "azureCosmosGremlinPrivateDnsZoneId",
          "strongType": "Microsoft.Network/privateDnsZones",
          "description": "Private DNS Zone Identifier"
        }
      },
      "azureCosmosTablePrivateDnsZoneId": {
        "type": "string",
        "defaultValue": "",
        "metadata": {
          "displayName": "azureCosmosTablePrivateDnsZoneId",
          "strongType": "Microsoft.Network/privateDnsZones",
          "description": "Private DNS Zone Identifier"
        }
      },
      "azureDataFactoryPrivateDnsZoneId": {
        "type": "string",
        "defaultValue": "",
        "metadata": {
          "displayName": "azureDataFactoryPrivateDnsZoneId",
          "strongType": "Microsoft.Network/privateDnsZones",
          "description": "Private DNS Zone Identifier"
        }
      },
      "azureDataFactoryPortalPrivateDnsZoneId": {
        "type": "string",
        "defaultValue": "",
        "metadata": {
          "displayName": "azureDataFactoryPortalPrivateDnsZoneId",
          "strongType": "Microsoft.Network/privateDnsZones",
          "description": "Private DNS Zone Identifier"
        }
      },
      "azureHDInsightPrivateDnsZoneId": {
        "type": "string",
        "defaultValue": "",
        "metadata": {
          "displayName": "azureHDInsightPrivateDnsZoneId",
          "strongType": "Microsoft.Network/privateDnsZones",
          "description": "Private DNS Zone Identifier"
        }
      },
      "azureMigratePrivateDnsZoneId": {
        "type": "string",
        "defaultValue": "",
        "metadata": {
          "displayName": "azureMigratePrivateDnsZoneId",
          "strongType": "Microsoft.Network/privateDnsZones",
          "description": "Private DNS Zone Identifier"
        }
      },
      "azureStorageBlobPrivateDnsZoneId": {
        "type": "string",
        "defaultValue": "",
        "metadata": {
          "displayName": "azureStorageBlobPrivateDnsZoneId",
          "strongType": "Microsoft.Network/privateDnsZones",
          "description": "Private DNS Zone Identifier"
        }
      },
      "azureStorageBlobSecPrivateDnsZoneId": {
        "type": "string",
        "defaultValue": "",
        "metadata": {
          "displayName": "azureStorageBlobSecPrivateDnsZoneId",
          "strongType": "Microsoft.Network/privateDnsZones",
          "description": "Private DNS Zone Identifier"
        }
      },
      "azureStorageQueuePrivateDnsZoneId": {
        "type": "string",
        "defaultValue": "",
        "metadata": {
          "displayName": "azureStorageQueuePrivateDnsZoneId",
          "strongType": "Microsoft.Network/privateDnsZones",
          "description": "Private DNS Zone Identifier"
        }
      },
      "azureStorageQueueSecPrivateDnsZoneId": {
        "type": "string",
        "defaultValue": "",
        "metadata": {
          "displayName": "azureStorageQueueSecPrivateDnsZoneId",
          "strongType": "Microsoft.Network/privateDnsZones",
          "description": "Private DNS Zone Identifier"
        }
      },
      "azureStorageFilePrivateDnsZoneId": {
        "type": "string",
        "defaultValue": "",
        "metadata": {
          "displayName": "azureStorageFilePrivateDnsZoneId",
          "strongType": "Microsoft.Network/privateDnsZones",
          "description": "Private DNS Zone Identifier"
        }
      },
      "azureStorageStaticWebPrivateDnsZoneId": {
        "type": "string",
        "defaultValue": "",
        "metadata": {
          "displayName": "azureStorageStaticWebPrivateDnsZoneId",
          "strongType": "Microsoft.Network/privateDnsZones",
          "description": "Private DNS Zone Identifier"
        }
      },
      "azureStorageStaticWebSecPrivateDnsZoneId": {
        "type": "string",
        "defaultValue": "",
        "metadata": {
          "displayName": "azureStorageStaticWebSecPrivateDnsZoneId",
          "strongType": "Microsoft.Network/privateDnsZones",
          "description": "Private DNS Zone Identifier"
        }
      },
      "azureStorageDFSPrivateDnsZoneId": {
        "type": "string",
        "defaultValue": "",
        "metadata": {
          "displayName": "azureStorageDFSPrivateDnsZoneId",
          "strongType": "Microsoft.Network/privateDnsZones",
          "description": "Private DNS Zone Identifier"
        }
      },
      "azureStorageDFSSecPrivateDnsZoneId": {
        "type": "string",
        "defaultValue": "",
        "metadata": {
          "displayName": "azureStorageDFSSecPrivateDnsZoneId",
          "strongType": "Microsoft.Network/privateDnsZones",
          "description": "Private DNS Zone Identifier"
        }
      },
      "azureSynapseSQLPrivateDnsZoneId": {
        "type": "string",
        "defaultValue": "",
        "metadata": {
          "displayName": "azureSynapseSQLPrivateDnsZoneId",
          "strongType": "Microsoft.Network/privateDnsZones",
          "description": "Private DNS Zone Identifier"
        }
      },
      "azureSynapseSQLODPrivateDnsZoneId": {
        "type": "string",
        "defaultValue": "",
        "metadata": {
          "displayName": "azureSynapseSQLODPrivateDnsZoneId",
          "strongType": "Microsoft.Network/privateDnsZones",
          "description": "Private DNS Zone Identifier"
        }
      },
      "azureSynapseDevPrivateDnsZoneId": {
        "type": "string",
        "defaultValue": "",
        "metadata": {
          "displayName": "azureSynapseDevPrivateDnsZoneId",
          "strongType": "Microsoft.Network/privateDnsZones",
          "description": "Private DNS Zone Identifier"
        }
      },
      "azureMediaServicesKeyPrivateDnsZoneId": {
        "type": "string",
        "defaultValue": "",
        "metadata": {
          "displayName": "azureMediaServicesKeyPrivateDnsZoneId",
          "strongType": "Microsoft.Network/privateDnsZones",
          "description": "Private DNS Zone Identifier"
        }
      },
      "azureMediaServicesLivePrivateDnsZoneId": {
        "type": "string",
        "defaultValue": "",
        "metadata": {
          "displayName": "azureMediaServicesLivePrivateDnsZoneId",
          "strongType": "Microsoft.Network/privateDnsZones",
          "description": "Private DNS Zone Identifier"
        }
      },
      "azureMediaServicesStreamPrivateDnsZoneId": {
        "type": "string",
        "defaultValue": "",
        "metadata": {
          "displayName": "azureMediaServicesStreamPrivateDnsZoneId",
          "strongType": "Microsoft.Network/privateDnsZones",
          "description": "Private DNS Zone Identifier"
        }
      },
      "azureMonitorPrivateDnsZoneId1": {
        "type": "string",
        "defaultValue": "",
        "metadata": {
          "displayName": "azureMonitorPrivateDnsZoneId1",
          "strongType": "Microsoft.Network/privateDnsZones",
          "description": "Private DNS Zone Identifier"
        }
      },
      "azureMonitorPrivateDnsZoneId2": {
        "type": "string",
        "defaultValue": "",
        "metadata": {
          "displayName": "azureMonitorPrivateDnsZoneId2",
          "strongType": "Microsoft.Network/privateDnsZones",
          "description": "Private DNS Zone Identifier"
        }
      },
      "azureMonitorPrivateDnsZoneId3": {
        "type": "string",
        "defaultValue": "",
        "metadata": {
          "displayName": "azureMonitorPrivateDnsZoneId3",
          "strongType": "Microsoft.Network/privateDnsZones",
          "description": "Private DNS Zone Identifier"
        }
      },
      "azureMonitorPrivateDnsZoneId4": {
        "type": "string",
        "defaultValue": "",
        "metadata": {
          "displayName": "azureMonitorPrivateDnsZoneId4",
          "strongType": "Microsoft.Network/privateDnsZones",
          "description": "Private DNS Zone Identifier"
        }
      },
      "azureMonitorPrivateDnsZoneId5": {
        "type": "string",
        "defaultValue": "",
        "metadata": {
          "displayName": "azureMonitorPrivateDnsZoneId5",
          "strongType": "Microsoft.Network/privateDnsZones",
          "description": "Private DNS Zone Identifier"
        }
      },
      "azureWebPrivateDnsZoneId": {
        "type": "string",
        "defaultValue": "",
        "metadata": {
          "displayName": "azureWebPrivateDnsZoneId",
          "strongType": "Microsoft.Network/privateDnsZones",
          "description": "Private DNS Zone Identifier"
        }
      },
      "azureBatchPrivateDnsZoneId": {
        "type": "string",
        "defaultValue": "",
        "metadata": {
          "displayName": "azureBatchPrivateDnsZoneId",
          "strongType": "Microsoft.Network/privateDnsZones",
          "description": "Private DNS Zone Identifier"
        }
      },
      "azureAppPrivateDnsZoneId": {
        "type": "string",
        "defaultValue": "",
        "metadata": {
          "displayName": "azureAppPrivateDnsZoneId",
          "strongType": "Microsoft.Network/privateDnsZones",
          "description": "Private DNS Zone Identifier"
        }
      },
      "azureAsrPrivateDnsZoneId": {
        "type": "string",
        "defaultValue": "",
        "metadata": {
          "displayName": "azureAsrPrivateDnsZoneId",
          "strongType": "Microsoft.Network/privateDnsZones",
          "description": "Private DNS Zone Identifier"
        }
      },
      "azureIotPrivateDnsZoneId": {
        "type": "string",
        "defaultValue": "",
        "metadata": {
          "displayName": "azureIotPrivateDnsZoneId",
          "strongType": "Microsoft.Network/privateDnsZones",
          "description": "Private DNS Zone Identifier"
        }
      },
      "azureKeyVaultPrivateDnsZoneId": {
        "type": "string",
        "defaultValue": "",
        "metadata": {
          "displayName": "azureKeyVaultPrivateDnsZoneId",
          "strongType": "Microsoft.Network/privateDnsZones",
          "description": "Private DNS Zone Identifier"
        }
      },
      "azureSignalRPrivateDnsZoneId": {
        "type": "string",
        "defaultValue": "",
        "metadata": {
          "displayName": "azureSignalRPrivateDnsZoneId",
          "strongType": "Microsoft.Network/privateDnsZones",
          "description": "Private DNS Zone Identifier"
        }
      },
      "azureAppServicesPrivateDnsZoneId": {
        "type": "string",
        "defaultValue": "",
        "metadata": {
          "displayName": "azureAppServicesPrivateDnsZoneId",
          "strongType": "Microsoft.Network/privateDnsZones",
          "description": "Private DNS Zone Identifier"
        }
      },
      "azureEventGridTopicsPrivateDnsZoneId": {
        "type": "string",
        "defaultValue": "",
        "metadata": {
          "displayName": "azureEventGridTopicsPrivateDnsZoneId",
          "strongType": "Microsoft.Network/privateDnsZones",
          "description": "Private DNS Zone Identifier"
        }
      },
      "azureDiskAccessPrivateDnsZoneId": {
        "type": "string",
        "defaultValue": "",
        "metadata": {
          "displayName": "azureDiskAccessPrivateDnsZoneId",
          "strongType": "Microsoft.Network/privateDnsZones",
          "description": "Private DNS Zone Identifier"
        }
      },
      "azureCognitiveServicesPrivateDnsZoneId": {
        "type": "string",
        "defaultValue": "",
        "metadata": {
          "displayName": "azureCognitiveServicesPrivateDnsZoneId",
          "strongType": "Microsoft.Network/privateDnsZones",
          "description": "Private DNS Zone Identifier"
        }
      },
      "azureIotHubsPrivateDnsZoneId": {
        "type": "string",
        "defaultValue": "",
        "metadata": {
          "displayName": "azureIotHubsPrivateDnsZoneId",
          "strongType": "Microsoft.Network/privateDnsZones",
          "description": "Private DNS Zone Identifier"
        }
      },
      "azureEventGridDomainsPrivateDnsZoneId": {
        "type": "string",
        "defaultValue": "",
        "metadata": {
          "displayName": "azureEventGridDomainsPrivateDnsZoneId",
          "strongType": "Microsoft.Network/privateDnsZones",
          "description": "Private DNS Zone Identifier"
        }
      },
      "azureRedisCachePrivateDnsZoneId": {
        "type": "string",
        "defaultValue": "",
        "metadata": {
          "displayName": "azureRedisCachePrivateDnsZoneId",
          "strongType": "Microsoft.Network/privateDnsZones",
          "description": "Private DNS Zone Identifier"
        }
      },
      "azureAcrPrivateDnsZoneId": {
        "type": "string",
        "defaultValue": "",
        "metadata": {
          "displayName": "azureAcrPrivateDnsZoneId",
          "strongType": "Microsoft.Network/privateDnsZones",
          "description": "Private DNS Zone Identifier"
        }
      },
      "azureEventHubNamespacePrivateDnsZoneId": {
        "type": "string",
        "defaultValue": "",
        "metadata": {
          "displayName": "azureEventHubNamespacePrivateDnsZoneId",
          "strongType": "Microsoft.Network/privateDnsZones",
          "description": "Private DNS Zone Identifier"
        }
      },
      "azureMachineLearningWorkspacePrivateDnsZoneId": {
        "type": "string",
        "defaultValue": "",
        "metadata": {
          "displayName": "azureMachineLearningWorkspacePrivateDnsZoneId",
          "strongType": "Microsoft.Network/privateDnsZones",
          "description": "Private DNS Zone Identifier"
        }
      },
      "azureServiceBusNamespacePrivateDnsZoneId": {
        "type": "string",
        "defaultValue": "",
        "metadata": {
          "displayName": "azureServiceBusNamespacePrivateDnsZoneId",
          "strongType": "Microsoft.Network/privateDnsZones",
          "description": "Private DNS Zone Identifier"
        }
      },
      "azureCognitiveSearchPrivateDnsZoneId": {
        "type": "string",
        "defaultValue": "",
        "metadata": {
          "displayName": "azureCognitiveSearchPrivateDnsZoneId",
          "strongType": "Microsoft.Network/privateDnsZones",
          "description": "Private DNS Zone Identifier"
        }
      },
      "effect": {
        "type": "string",
        "metadata": {
          "displayName": "Effect",
          "description": "Enable or disable the execution of the policy"
        },
        "allowedValues": [
          "DeployIfNotExists",
          "Disabled"
        ],
        "defaultValue": "DeployIfNotExists"
      },
      "effect1": {
        "type": "string",
        "metadata": {
          "displayName": "Effect",
          "description": "Enable or disable the execution of the policy"
        },
        "allowedValues": [
          "deployIfNotExists",
          "Disabled"
        ],
        "defaultValue": "deployIfNotExists"
      }
    },
    "policyDefinitions": [
      {
        "policyDefinitionReferenceId": "DINE-Private-DNS-Azure-File-Sync",
        "policyDefinitionId": "/providers/Microsoft.Authorization/policyDefinitions/06695360-db88-47f6-b976-7500d4297475",
        "parameters": {
          "privateDnsZoneId": {
            "value": "[parameters('azureFileprivateDnsZoneId')]"
          },
          "effect": {
            "value": "[parameters('effect')]"
          }
        },
        "groupNames": []
      },
      {
        "policyDefinitionReferenceId": "DINE-Private-DNS-Azure-Automation-Webhook",
        "policyDefinitionId": "/providers/Microsoft.Authorization/policyDefinitions/6dd01e4f-1be1-4e80-9d0b-d109e04cb064",
        "parameters": {
          "privateDnsZoneId": {
            "value": "[parameters('azureAutomationWebhookPrivateDnsZoneId')]"
          },
          "privateEndpointGroupId": {
            "value": "Webhook"
          },
          "effect": {
            "value": "[parameters('effect')]"
          }
        },
        "groupNames": []
      },
      {
        "policyDefinitionReferenceId": "DINE-Private-DNS-Azure-Automation-DSCHybrid",
        "policyDefinitionId": "/providers/Microsoft.Authorization/policyDefinitions/6dd01e4f-1be1-4e80-9d0b-d109e04cb064",
        "parameters": {
          "privateDnsZoneId": {
            "value": "[parameters('azureAutomationDSCHybridPrivateDnsZoneId')]"
          },
          "privateEndpointGroupId": {
            "value": "DSCAndHybridWorker"
          },
          "effect": {
            "value": "[parameters('effect')]"
          }
        },
        "groupNames": []
      },
      {
        "policyDefinitionReferenceId": "DINE-Private-DNS-Azure-Cosmos-SQL",
        "policyDefinitionId": "/providers/Microsoft.Authorization/policyDefinitions/a63cc0bd-cda4-4178-b705-37dc439d3e0f",
        "parameters": {
          "privateDnsZoneId": {
            "value": "[parameters('azureCosmosSQLPrivateDnsZoneId')]"
          },
          "privateEndpointGroupId": {
            "value": "SQL"
          },
          "effect": {
            "value": "[parameters('effect')]"
          }
        },
        "groupNames": []
      },
      {
        "policyDefinitionReferenceId": "DINE-Private-DNS-Azure-Cosmos-MongoDB",
        "policyDefinitionId": "/providers/Microsoft.Authorization/policyDefinitions/a63cc0bd-cda4-4178-b705-37dc439d3e0f",
        "parameters": {
          "privateDnsZoneId": {
            "value": "[parameters('azureCosmosMongoPrivateDnsZoneId')]"
          },
          "privateEndpointGroupId": {
            "value": "MongoDB"
          },
          "effect": {
            "value": "[parameters('effect')]"
          }
        },
        "groupNames": []
      },
      {
        "policyDefinitionReferenceId": "DINE-Private-DNS-Azure-Cosmos-Cassandra",
        "policyDefinitionId": "/providers/Microsoft.Authorization/policyDefinitions/a63cc0bd-cda4-4178-b705-37dc439d3e0f",
        "parameters": {
          "privateDnsZoneId": {
            "value": "[parameters('azureCosmosCassandraPrivateDnsZoneId')]"
          },
          "privateEndpointGroupId": {
            "value": "Cassandra"
          },
          "effect": {
            "value": "[parameters('effect')]"
          }
        },
        "groupNames": []
      },
      {
        "policyDefinitionReferenceId": "DINE-Private-DNS-Azure-Cosmos-Gremlin",
        "policyDefinitionId": "/providers/Microsoft.Authorization/policyDefinitions/a63cc0bd-cda4-4178-b705-37dc439d3e0f",
        "parameters": {
          "privateDnsZoneId": {
            "value": "[parameters('azureCosmosGremlinPrivateDnsZoneId')]"
          },
          "privateEndpointGroupId": {
            "value": "Gremlin"
          },
          "effect": {
            "value": "[parameters('effect')]"
          }
        },
        "groupNames": []
      },
      {
        "policyDefinitionReferenceId": "DINE-Private-DNS-Azure-Cosmos-Table",
        "policyDefinitionId": "/providers/Microsoft.Authorization/policyDefinitions/a63cc0bd-cda4-4178-b705-37dc439d3e0f",
        "parameters": {
          "privateDnsZoneId": {
            "value": "[parameters('azureCosmosTablePrivateDnsZoneId')]"
          },
          "privateEndpointGroupId": {
            "value": "Table"
          },
          "effect": {
            "value": "[parameters('effect')]"
          }
        },
        "groupNames": []
      },
      {
        "policyDefinitionReferenceId": "DINE-Private-DNS-Azure-DataFactory",
        "policyDefinitionId": "/providers/Microsoft.Authorization/policyDefinitions/86cd96e1-1745-420d-94d4-d3f2fe415aa4",
        "parameters": {
          "privateDnsZoneId": {
            "value": "[parameters('azureDataFactoryPrivateDnsZoneId')]"
          },
          "listOfGroupIds": {
            "value": [
              "dataFactory"
            ]
          },
          "effect": {
            "value": "[parameters('effect')]"
          }
        },
        "groupNames": []
      },
      {
        "policyDefinitionReferenceId": "DINE-Private-DNS-Azure-DataFactory-Portal",
        "policyDefinitionId": "/providers/Microsoft.Authorization/policyDefinitions/86cd96e1-1745-420d-94d4-d3f2fe415aa4",
        "parameters": {
          "privateDnsZoneId": {
            "value": "[parameters('azureDataFactoryPortalPrivateDnsZoneId')]"
          },
          "listOfGroupIds": {
            "value": [
              "portal"
            ]
          },
          "effect": {
            "value": "[parameters('effect')]"
          }
        },
        "groupNames": []
      },
      {
        "policyDefinitionReferenceId": "DINE-Private-DNS-Azure-HDInsight",
        "policyDefinitionId": "/providers/Microsoft.Authorization/policyDefinitions/43d6e3bd-fc6a-4b44-8b4d-2151d8736a11",
        "parameters": {
          "privateDnsZoneId": {
            "value": "[parameters('azureHDInsightPrivateDnsZoneId')]"
          },
          "groupId": {
            "value": "cluster"
          },
          "effect": {
            "value": "[parameters('effect')]"
          }
        },
        "groupNames": []
      },
      {
        "policyDefinitionReferenceId": "DINE-Private-DNS-Azure-Migrate",
        "policyDefinitionId": "/providers/Microsoft.Authorization/policyDefinitions/7590a335-57cf-4c95-babd-ecbc8fafeb1f",
        "parameters": {
          "privateDnsZoneId": {
            "value": "[parameters('azureMigratePrivateDnsZoneId')]"
          },
          "effect": {
            "value": "[parameters('effect')]"
          }
        },
        "groupNames": []
      },
      {
        "policyDefinitionReferenceId": "DINE-Private-DNS-Azure-Storage-Blob",
        "policyDefinitionId": "/providers/Microsoft.Authorization/policyDefinitions/75973700-529f-4de2-b794-fb9b6781b6b0",
        "parameters": {
          "privateDnsZoneId": {
            "value": "[parameters('azureStorageBlobPrivateDnsZoneId')]"
          },
          "effect": {
            "value": "[parameters('effect')]"
          }
        },
        "groupNames": []
      },
      {
        "policyDefinitionReferenceId": "DINE-Private-DNS-Azure-Storage-Blob-Sec",
        "policyDefinitionId": "/providers/Microsoft.Authorization/policyDefinitions/d847d34b-9337-4e2d-99a5-767e5ac9c582",
        "parameters": {
          "privateDnsZoneId": {
            "value": "[parameters('azureStorageBlobSecPrivateDnsZoneId')]"
          },
          "effect": {
            "value": "[parameters('effect')]"
          }
        },
        "groupNames": []
      },
      {
        "policyDefinitionReferenceId": "DINE-Private-DNS-Azure-Storage-Queue",
        "policyDefinitionId": "/providers/Microsoft.Authorization/policyDefinitions/bcff79fb-2b0d-47c9-97e5-3023479b00d1",
        "parameters": {
          "privateDnsZoneId": {
            "value": "[parameters('azureStorageQueuePrivateDnsZoneId')]"
          },
          "effect": {
            "value": "[parameters('effect')]"
          }
        },
        "groupNames": []
      },
      {
        "policyDefinitionReferenceId": "DINE-Private-DNS-Azure-Storage-Queue-Sec",
        "policyDefinitionId": "/providers/Microsoft.Authorization/policyDefinitions/da9b4ae8-5ddc-48c5-b9c0-25f8abf7a3d6",
        "parameters": {
          "privateDnsZoneId": {
            "value": "[parameters('azureStorageQueueSecPrivateDnsZoneId')]"
          },
          "effect": {
            "value": "[parameters('effect')]"
          }
        },
        "groupNames": []
      },
      {
        "policyDefinitionReferenceId": "DINE-Private-DNS-Azure-Storage-File",
        "policyDefinitionId": "/providers/Microsoft.Authorization/policyDefinitions/6df98d03-368a-4438-8730-a93c4d7693d6",
        "parameters": {
          "privateDnsZoneId": {
            "value": "[parameters('azureStorageFilePrivateDnsZoneId')]"
          },
          "effect": {
            "value": "[parameters('effect')]"
          }
        },
        "groupNames": []
      },
      {
        "policyDefinitionReferenceId": "DINE-Private-DNS-Azure-Storage-StaticWeb",
        "policyDefinitionId": "/providers/Microsoft.Authorization/policyDefinitions/9adab2a5-05ba-4fbd-831a-5bf958d04218",
        "parameters": {
          "privateDnsZoneId": {
            "value": "[parameters('azureStorageStaticWebPrivateDnsZoneId')]"
          },
          "effect": {
            "value": "[parameters('effect')]"
          }
        },
        "groupNames": []
      },
      {
        "policyDefinitionReferenceId": "DINE-Private-DNS-Azure-Storage-StaticWeb-Sec",
        "policyDefinitionId": "/providers/Microsoft.Authorization/policyDefinitions/d19ae5f1-b303-4b82-9ca8-7682749faf0c",
        "parameters": {
          "privateDnsZoneId": {
            "value": "[parameters('azureStorageStaticWebSecPrivateDnsZoneId')]"
          },
          "effect": {
            "value": "[parameters('effect')]"
          }
        },
        "groupNames": []
      },
      {
        "policyDefinitionReferenceId": "DINE-Private-DNS-Azure-Storage-DFS",
        "policyDefinitionId": "/providers/Microsoft.Authorization/policyDefinitions/83c6fe0f-2316-444a-99a1-1ecd8a7872ca",
        "parameters": {
          "privateDnsZoneId": {
            "value": "[parameters('azureStorageDFSPrivateDnsZoneId')]"
          },
          "effect": {
            "value": "[parameters('effect')]"
          }
        },
        "groupNames": []
      },
      {
        "policyDefinitionReferenceId": "DINE-Private-DNS-Azure-Storage-DFS-Sec",
        "policyDefinitionId": "/providers/Microsoft.Authorization/policyDefinitions/90bd4cb3-9f59-45f7-a6ca-f69db2726671",
        "parameters": {
          "privateDnsZoneId": {
            "value": "[parameters('azureStorageDFSSecPrivateDnsZoneId')]"
          },
          "effect": {
            "value": "[parameters('effect')]"
          }
        },
        "groupNames": []
      },
      {
        "policyDefinitionReferenceId": "DINE-Private-DNS-Azure-Synapse-SQL",
        "policyDefinitionId": "/providers/Microsoft.Authorization/policyDefinitions/1e5ed725-f16c-478b-bd4b-7bfa2f7940b9",
        "parameters": {
          "privateDnsZoneId": {
            "value": "[parameters('azureSynapseSQLPrivateDnsZoneId')]"
          },
          "targetSubResource": {
            "value": "Sql"
          },
          "effect": {
            "value": "[parameters('effect')]"
          }
        },
        "groupNames": []
      },
      {
        "policyDefinitionReferenceId": "DINE-Private-DNS-Azure-Synapse-SQL-OnDemand",
        "policyDefinitionId": "/providers/Microsoft.Authorization/policyDefinitions/1e5ed725-f16c-478b-bd4b-7bfa2f7940b9",
        "parameters": {
          "privateDnsZoneId": {
            "value": "[parameters('azureSynapseSQLODPrivateDnsZoneId')]"
          },
          "targetSubResource": {
            "value": "SqlOnDemand"
          },
          "effect": {
            "value": "[parameters('effect')]"
          }
        },
        "groupNames": []
      },
      {
        "policyDefinitionReferenceId": "DINE-Private-DNS-Azure-Synapse-Dev",
        "policyDefinitionId": "/providers/Microsoft.Authorization/policyDefinitions/1e5ed725-f16c-478b-bd4b-7bfa2f7940b9",
        "parameters": {
          "privateDnsZoneId": {
            "value": "[parameters('azureSynapseDevPrivateDnsZoneId')]"
          },
          "targetSubResource": {
            "value": "Dev"
          },
          "effect": {
            "value": "[parameters('effect')]"
          }
        },
        "groupNames": []
      },
      {
        "policyDefinitionReferenceId": "DINE-Private-DNS-Azure-MediaServices-Key",
        "policyDefinitionId": "/providers/Microsoft.Authorization/policyDefinitions/b4a7f6c1-585e-4177-ad5b-c2c93f4bb991",
        "parameters": {
          "privateDnsZoneId": {
            "value": "[parameters('azureMediaServicesKeyPrivateDnsZoneId')]"
          },
          "groupId": {
            "value": "keydelivery"
          },
          "effect": {
            "value": "[parameters('effect')]"
          }
        },
        "groupNames": []
      },
      {
        "policyDefinitionReferenceId": "DINE-Private-DNS-Azure-MediaServices-Live",
        "policyDefinitionId": "/providers/Microsoft.Authorization/policyDefinitions/b4a7f6c1-585e-4177-ad5b-c2c93f4bb991",
        "parameters": {
          "privateDnsZoneId": {
            "value": "[parameters('azureMediaServicesLivePrivateDnsZoneId')]"
          },
          "groupId": {
            "value": "liveevent"
          },
          "effect": {
            "value": "[parameters('effect')]"
          }
        },
        "groupNames": []
      },
      {
        "policyDefinitionReferenceId": "DINE-Private-DNS-Azure-MediaServices-Stream",
        "policyDefinitionId": "/providers/Microsoft.Authorization/policyDefinitions/b4a7f6c1-585e-4177-ad5b-c2c93f4bb991",
        "parameters": {
          "privateDnsZoneId": {
            "value": "[parameters('azureMediaServicesStreamPrivateDnsZoneId')]"
          },
          "groupId": {
            "value": "streamingendpoint"
          },
          "effect": {
            "value": "[parameters('effect')]"
          }
        },
        "groupNames": []
      },
      {
        "policyDefinitionReferenceId": "DINE-Private-DNS-Azure-Monitor",
        "policyDefinitionId": "/providers/Microsoft.Authorization/policyDefinitions/437914ee-c176-4fff-8986-7e05eb971365",
        "parameters": {
          "privateDnsZoneId1": {
            "value": "[parameters('azureMonitorPrivateDnsZoneId1')]"
          },
          "privateDnsZoneId2": {
            "value": "[parameters('azureMonitorPrivateDnsZoneId2')]"
          },
          "privateDnsZoneId3": {
            "value": "[parameters('azureMonitorPrivateDnsZoneId3')]"
          },
          "privateDnsZoneId4": {
            "value": "[parameters('azureMonitorPrivateDnsZoneId4')]"
          },
          "privateDnsZoneId5": {
            "value": "[parameters('azureMonitorPrivateDnsZoneId5')]"
          },
          "effect": {
            "value": "[parameters('effect')]"
          }
        },
        "groupNames": []
      },
      {
        "policyDefinitionReferenceId": "DINE-Private-DNS-Azure-Web",
        "policyDefinitionId": "/providers/Microsoft.Authorization/policyDefinitions/0b026355-49cb-467b-8ac4-f777874e175a",
        "parameters": {
          "privateDnsZoneId": {
            "value": "[parameters('azureWebPrivateDnsZoneId')]"
          },
          "effect": {
            "value": "[parameters('effect')]"
          }
        },
        "groupNames": []
      },
      {
        "policyDefinitionReferenceId": "DINE-Private-DNS-Azure-Batch",
        "policyDefinitionId": "/providers/Microsoft.Authorization/policyDefinitions/4ec38ebc-381f-45ee-81a4-acbc4be878f8",
        "parameters": {
          "privateDnsZoneId": {
            "value": "[parameters('azureBatchPrivateDnsZoneId')]"
          },
          "effect": {
            "value": "[parameters('effect')]"
          }
        },
        "groupNames": []
      },
      {
        "policyDefinitionReferenceId": "DINE-Private-DNS-Azure-App",
        "policyDefinitionId": "/providers/Microsoft.Authorization/policyDefinitions/7a860e27-9ca2-4fc6-822d-c2d248c300df",
        "parameters": {
          "privateDnsZoneId": {
            "value": "[parameters('azureAppPrivateDnsZoneId')]"
          },
          "effect": {
            "value": "[parameters('effect')]"
          }
        },
        "groupNames": []
      },
      {
        "policyDefinitionReferenceId": "DINE-Private-DNS-Azure-Site-Recovery",
        "policyDefinitionId": "/providers/Microsoft.Authorization/policyDefinitions/942bd215-1a66-44be-af65-6a1c0318dbe2",
        "parameters": {
          "privateDnsZoneId": {
            "value": "[parameters('azureAsrPrivateDnsZoneId')]"
          },
          "effect": {
            "value": "[parameters('effect')]"
          }
        },
        "groupNames": []
      },
      {
        "policyDefinitionReferenceId": "DINE-Private-DNS-Azure-IoT",
        "policyDefinitionId": "/providers/Microsoft.Authorization/policyDefinitions/aaa64d2d-2fa3-45e5-b332-0b031b9b30e8",
        "parameters": {
          "privateDnsZoneId": {
            "value": "[parameters('azureIotPrivateDnsZoneId')]"
          },
          "effect": {
            "value": "[parameters('effect')]"
          }
        },
        "groupNames": []
      },
      {
        "policyDefinitionReferenceId": "DINE-Private-DNS-Azure-KeyVault",
        "policyDefinitionId": "/providers/Microsoft.Authorization/policyDefinitions/ac673a9a-f77d-4846-b2d8-a57f8e1c01d4",
        "parameters": {
          "privateDnsZoneId": {
            "value": "[parameters('azureKeyVaultPrivateDnsZoneId')]"
          },
          "effect": {
            "value": "[parameters('effect')]"
          }
        },
        "groupNames": []
      },
      {
        "policyDefinitionReferenceId": "DINE-Private-DNS-Azure-SignalR",
        "policyDefinitionId": "/providers/Microsoft.Authorization/policyDefinitions/b0e86710-7fb7-4a6c-a064-32e9b829509e",
        "parameters": {
          "privateDnsZoneId": {
            "value": "[parameters('azureSignalRPrivateDnsZoneId')]"
          },
          "effect": {
            "value": "[parameters('effect')]"
          }
        },
        "groupNames": []
      },
      {
        "policyDefinitionReferenceId": "DINE-Private-DNS-Azure-AppServices",
        "policyDefinitionId": "/providers/Microsoft.Authorization/policyDefinitions/b318f84a-b872-429b-ac6d-a01b96814452",
        "parameters": {
          "privateDnsZoneId": {
            "value": "[parameters('azureAppServicesPrivateDnsZoneId')]"
          },
          "effect": {
            "value": "[parameters('effect')]"
          }
        },
        "groupNames": []
      },
      {
        "policyDefinitionReferenceId": "DINE-Private-DNS-Azure-EventGridTopics",
        "policyDefinitionId": "/providers/Microsoft.Authorization/policyDefinitions/baf19753-7502-405f-8745-370519b20483",
        "parameters": {
          "privateDnsZoneId": {
            "value": "[parameters('azureEventGridTopicsPrivateDnsZoneId')]"
          },
          "effect": {
            "value": "[parameters('effect1')]"
          }
        },
        "groupNames": []
      },
      {
        "policyDefinitionReferenceId": "DINE-Private-DNS-Azure-DiskAccess",
        "policyDefinitionId": "/providers/Microsoft.Authorization/policyDefinitions/bc05b96c-0b36-4ca9-82f0-5c53f96ce05a",
        "parameters": {
          "privateDnsZoneId": {
            "value": "[parameters('azureDiskAccessPrivateDnsZoneId')]"
          },
          "effect": {
            "value": "[parameters('effect')]"
          }
        },
        "groupNames": []
      },
      {
        "policyDefinitionReferenceId": "DINE-Private-DNS-Azure-CognitiveServices",
        "policyDefinitionId": "/providers/Microsoft.Authorization/policyDefinitions/c4bc6f10-cb41-49eb-b000-d5ab82e2a091",
        "parameters": {
          "privateDnsZoneId": {
            "value": "[parameters('azureCognitiveServicesPrivateDnsZoneId')]"
          },
          "effect": {
            "value": "[parameters('effect')]"
          }
        },
        "groupNames": []
      },
      {
        "policyDefinitionReferenceId": "DINE-Private-DNS-Azure-IoTHubs",
        "policyDefinitionId": "/providers/Microsoft.Authorization/policyDefinitions/c99ce9c1-ced7-4c3e-aca0-10e69ce0cb02",
        "parameters": {
          "privateDnsZoneId": {
            "value": "[parameters('azureIotHubsPrivateDnsZoneId')]"
          },
          "effect": {
            "value": "[parameters('effect1')]"
          }
        },
        "groupNames": []
      },
      {
        "policyDefinitionReferenceId": "DINE-Private-DNS-Azure-EventGridDomains",
        "policyDefinitionId": "/providers/Microsoft.Authorization/policyDefinitions/d389df0a-e0d7-4607-833c-75a6fdac2c2d",
        "parameters": {
          "privateDnsZoneId": {
            "value": "[parameters('azureEventGridDomainsPrivateDnsZoneId')]"
          },
          "effect": {
            "value": "[parameters('effect1')]"
          }
        },
        "groupNames": []
      },
      {
        "policyDefinitionReferenceId": "DINE-Private-DNS-Azure-RedisCache",
        "policyDefinitionId": "/providers/Microsoft.Authorization/policyDefinitions/e016b22b-e0eb-436d-8fd7-160c4eaed6e2",
        "parameters": {
          "privateDnsZoneId": {
            "value": "[parameters('azureRedisCachePrivateDnsZoneId')]"
          },
          "effect": {
            "value": "[parameters('effect')]"
          }
        },
        "groupNames": []
      },
      {
        "policyDefinitionReferenceId": "DINE-Private-DNS-Azure-ACR",
        "policyDefinitionId": "/providers/Microsoft.Authorization/policyDefinitions/e9585a95-5b8c-4d03-b193-dc7eb5ac4c32",
        "parameters": {
          "privateDnsZoneId": {
            "value": "[parameters('azureAcrPrivateDnsZoneId')]"
          },
          "effect": {
            "value": "[parameters('effect')]"
          }
        },
        "groupNames": []
      },
      {
        "policyDefinitionReferenceId": "DINE-Private-DNS-Azure-EventHubNamespace",
        "policyDefinitionId": "/providers/Microsoft.Authorization/policyDefinitions/ed66d4f5-8220-45dc-ab4a-20d1749c74e6",
        "parameters": {
          "privateDnsZoneId": {
            "value": "[parameters('azureEventHubNamespacePrivateDnsZoneId')]"
          },
          "effect": {
            "value": "[parameters('effect')]"
          }
        },
        "groupNames": []
      },
      {
        "policyDefinitionReferenceId": "DINE-Private-DNS-Azure-MachineLearningWorkspace",
        "policyDefinitionId": "/providers/Microsoft.Authorization/policyDefinitions/ee40564d-486e-4f68-a5ca-7a621edae0fb",
        "parameters": {
          "privateDnsZoneId": {
            "value": "[parameters('azureMachineLearningWorkspacePrivateDnsZoneId')]"
          },
          "effect": {
            "value": "[parameters('effect')]"
          }
        },
        "groupNames": []
      },
      {
        "policyDefinitionReferenceId": "DINE-Private-DNS-Azure-ServiceBusNamespace",
        "policyDefinitionId": "/providers/Microsoft.Authorization/policyDefinitions/f0fcf93c-c063-4071-9668-c47474bd3564",
        "parameters": {
          "privateDnsZoneId": {
            "value": "[parameters('azureServiceBusNamespacePrivateDnsZoneId')]"
          },
          "effect": {
            "value": "[parameters('effect')]"
          }
        },
        "groupNames": []
      },
      {
        "policyDefinitionReferenceId": "DINE-Private-DNS-Azure-CognitiveSearch",
        "policyDefinitionId": "/providers/Microsoft.Authorization/policyDefinitions/fbc14a67-53e4-4932-abcc-2049c6706009",
        "parameters": {
          "privateDnsZoneId": {
            "value": "[parameters('azureCognitiveSearchPrivateDnsZoneId')]"
          },
          "effect": {
            "value": "[parameters('effect')]"
          }
        },
        "groupNames": []
      }
    ],
    "policyDefinitionGroups": null
  }
}