{
  "name": "Deploy-Nsg-FlowLogs",
  "type": "Microsoft.Authorization/policyDefinitions",
  "apiVersion": "2021-06-01",
  "scope": null,
  "properties": {
    "policyType": "Custom",
    "mode": "Indexed",
    "displayName": "[Deprecated] Deploys NSG flow logs and traffic analytics",
    "description": "[Deprecated] Deprecated by built-in policy. Deploys NSG flow logs and traffic analytics to a storageaccountid with a specified retention period.",
    "metadata": {
      "deprecated": true,
      "version": "1.0.0-deprecated",
      "category": "Monitoring",
      "source": "https://github.com/Azure/Enterprise-Scale/",
      "alzCloudEnvironments": [
        "AzureCloud",
        "AzureChinaCloud",
        "AzureUSGovernment"
      ]
    },
    "parameters": {
      "retention": {
        "type": "Integer",
        "metadata": {
          "displayName": "Retention"
        },
        "defaultValue": 5
      },
      "storageAccountResourceId": {
        "type": "String",
        "metadata": {
          "displayName": "Storage Account Resource Id",
          "strongType": "Microsoft.Storage/storageAccounts"
        }
      },
      "trafficAnalyticsInterval": {
        "type": "Integer",
        "metadata": {
          "displayName": "Traffic Analytics processing interval mins (10/60)"
        },
        "defaultValue": 60
      },
      "flowAnalyticsEnabled": {
        "type": "Boolean",
        "metadata": {
          "displayName": "Enable Traffic Analytics"
        },
        "defaultValue": false
      },
      "logAnalytics": {
        "type": "String",
        "metadata": {
          "strongType": "omsWorkspace",
          "displayName": "Resource ID of Log Analytics workspace",
          "description": "Select Log Analytics workspace from dropdown list. If this workspace is outside of the scope of the assignment you must manually grant 'Log Analytics Contributor' permissions (or similar) to the policy assignment's principal ID."
        },
        "defaultValue": ""
      },
      "effect": {
        "type": "String",
        "defaultValue": "DeployIfNotExists",
        "allowedValues": [
          "DeployIfNotExists",
          "Disabled"
        ],
        "metadata": {
          "displayName": "Effect",
          "description": "Enable or disable the execution of the policy"
        }
      }
    },
    "policyRule": {
      "if": {
        "field": "type",
        "equals": "Microsoft.Network/networkSecurityGroups"
      },
      "then": {
        "effect": "[parameters('effect')]",
        "details": {
          "type": "Microsoft.Network/networkWatchers/flowLogs",
          "roleDefinitionIds": [
            "/providers/microsoft.authorization/roleDefinitions/749f88d5-cbae-40b8-bcfc-e573ddc772fa",
            "/providers/microsoft.authorization/roleDefinitions/92aaf0da-9dab-42b6-94a3-d43ce8d16293"
          ],
          "resourceGroupName": "NetworkWatcherRG",
          "existenceCondition": {
            "allOf": [
              {
                "field": "Microsoft.Network/networkWatchers/flowLogs/enabled",
                "equals": "true"
              },
              {
                "field": "Microsoft.Network/networkWatchers/flowLogs/flowAnalyticsConfiguration.networkWatcherFlowAnalyticsConfiguration.enabled",
                "equals": "[parameters('flowAnalyticsEnabled')]"
              }
            ]
          },
          "deployment": {
            "properties": {
              "mode": "Incremental",
              "parameters": {
                "networkSecurityGroupName": {
                  "value": "[field('name')]"
                },
                "resourceGroupName": {
                  "value": "[resourceGroup().name]"
                },
                "location": {
                  "value": "[field('location')]"
                },
                "storageAccountResourceId": {
                  "value": "[parameters('storageAccountResourceId')]"
                },
                "retention": {
                  "value": "[parameters('retention')]"
                },
                "flowAnalyticsEnabled": {
                  "value": "[parameters('flowAnalyticsEnabled')]"
                },
                "trafficAnalyticsInterval": {
                  "value": "[parameters('trafficAnalyticsInterval')]"
                },
                "logAnalytics": {
                  "value": "[parameters('logAnalytics')]"
                }
              },
              "template": {
                "$schema": "https://schema.management.azure.com/schemas/2015-01-01/deploymentTemplate.json#",
                "contentVersion": "1.0.0.0",
                "parameters": {
                  "networkSecurityGroupName": {
                    "type": "String"
                  },
                  "resourceGroupName": {
                    "type": "String"
                  },
                  "location": {
                    "type": "String"
                  },
                  "storageAccountResourceId": {
                    "type": "String"
                  },
                  "retention": {
                    "type": "int"
                  },
                  "flowAnalyticsEnabled": {
                    "type": "bool"
                  },
                  "trafficAnalyticsInterval": {
                    "type": "int"
                  },
                  "logAnalytics": {
                    "type": "String"
                  }
                },
                "variables": {},
                "resources": [
                  {
                    "type": "Microsoft.Network/networkWatchers/flowLogs",
                    "apiVersion": "2020-05-01",
                    "name": "[take(concat('NetworkWatcher_', toLower(parameters('location')),  '/', parameters('networkSecurityGroupName'), '-', parameters('resourceGroupName'), '-flowlog' ), 80)]",
                    "location": "[parameters('location')]",
                    "properties": {
                      "targetResourceId": "[resourceId(parameters('resourceGroupName'), 'Microsoft.Network/networkSecurityGroups', parameters('networkSecurityGroupName'))]",
                      "storageId": "[parameters('storageAccountResourceId')]",
                      "enabled": true,
                      "retentionPolicy": {
                        "enabled": true,
                        "days": "[parameters('retention')]"
                      },
                      "format": {
                        "type": "JSON",
                        "version": 2
                      },
                      "flowAnalyticsConfiguration": {
                        "networkWatcherFlowAnalyticsConfiguration": {
                          "enabled": "[bool(parameters('flowAnalyticsEnabled'))]",
                          "trafficAnalyticsInterval": "[parameters('trafficAnalyticsInterval')]",
                          "workspaceId": "[if(not(empty(parameters('logAnalytics'))), reference(parameters('logAnalytics'), '2020-03-01-preview', 'Full').properties.customerId, json('null')) ]",
                          "workspaceRegion": "[if(not(empty(parameters('logAnalytics'))), reference(parameters('logAnalytics'), '2020-03-01-preview', 'Full').location, json('null')) ]",
                          "workspaceResourceId": "[if(not(empty(parameters('logAnalytics'))), parameters('logAnalytics'), json('null'))]"
                        }
                      }
                    }
                  }
                ],
                "outputs": {}
              }
            }
          }
        }
      }
    }
  }
}