{
    "locals": {
        "builtin_azure_backup_geo_codes": {
            "australiacentral": "acl",
            "australiacentral2": "acl2",
            "australiaeast": "ae",
            "australiasoutheast": "ase",
            "brazilsouth": "brs",
            "brazilsoutheast": "bse",
            "centraluseuap": "ccy",
            "canadacentral": "cnc",
            "canadaeast": "cne",
            "centralus": "cus",
            "eastasia": "ea",
            "eastus2euap": "ecy",
            "eastus": "eus",
            "eastus2": "eus2",
            "francecentral": "frc",
            "francesouth": "frs",
            "germanynorth": "gn",
            "germanywestcentral": "gwc",
            "centralindia": "inc",
            "southindia": "ins",
            "westindia": "inw",
            "japaneast": "jpe",
            "japanwest": "jpw",
            "jioindiacentral": "jic",
            "jioindiawest": "jiw",
            "koreacentral": "krc",
            "koreasouth": "krs",
            "northcentralus": "ncus",
            "northeurope": "ne",
            "norwayeast": "nwe",
            "norwaywest": "nww",
            "qatarcentral": "qac",
            "southafricanorth": "san",
            "southafricawest": "saw",
            "southcentralus": "scus",
            "swedencentral": "sdc",
            "swedensouth": "sds",
            "southeastasia": "sea",
            "switzerlandnorth": "szn",
            "switzerlandwest": "szw",
            "uaecentral": "uac",
            "uaenorth": "uan",
            "uksouth": "uks",
            "ukwest": "ukw",
            "westcentralus": "wcus",
            "westeurope": "we",
            "westus": "wus",
            "westus2": "wus2",
            "westus3": "wus3",
            "usdodcentral": "udc",
            "usdodeast": "ude",
            "usgovarizona": "uga",
            "usgoviowa": "ugi",
            "usgovtexas": "ugt",
            "usgovvirginia": "ugv",
            "usnateast": "exe",
            "usnatwest": "exw",
            "usseceast": "rxe",
            "ussecwest": "rxw",
            "chinanorth": "bjb",
            "chinanorth2": "bjb2",
            "chinanorth3": "bjb3",
            "chinaeast": "sha",
            "chinaeast2": "sha2",
            "chinaeast3": "sha3",
            "germanycentral": "gec",
            "germanynortheast": "gne"
        }
    }
}