{
  "name": "Deny-Subnet-Without-Nsg",
  "type": "Microsoft.Authorization/policyAssignments",
  "apiVersion": "2019-09-01",
  "properties": {
    "description": "This policy denies the creation of a subnet without a Network Security Group to protect traffic across subnets.",
    "displayName": "Subnets should have a Network Security Group",
    "notScopes": [],
    "parameters": {},
    "policyDefinitionId": "${root_scope_resource_id}/providers/Microsoft.Authorization/policyDefinitions/Deny-Subnet-Without-Nsg",
    "nonComplianceMessages": [
      {
        "message": "Subnets {enforcementMode} have a Network Security Group."
      }
    ],
    "scope": "${current_scope_resource_id}",
    "enforcementMode": null
  },
  "location": "${default_location}",
  "identity": {
    "type": "None"
  }
}