{
  "name": "Deny-DataB-Sku",
  "type": "Microsoft.Authorization/policyAssignments",
  "apiVersion": "2019-09-01",
  "properties": {
    "description": "Enforces the use of Premium Databricks workspaces to make sure appropriate security features are available including Databricks Access Controls, Credential Passthrough and SCIM provisioning for AAD.",
    "displayName": "Enforces the use of Premium Databricks workspaces",
    "notScopes": [],
    "parameters": {
      "effect": {
        "value": "Deny"
      }
    },
    "policyDefinitionId": "${root_scope_resource_id}/providers/Microsoft.Authorization/policyDefinitions/Deny-Databricks-Sku",
    "nonComplianceMessages": [
      {
        "message": "Premium Databricks workspaces {enforcementMode} be used to ensure appropriate security features are available including Databricks Access Controls, Credential Passthrough and SCIM provisioning for AAD."
      }
    ],
    "scope": "${current_scope_resource_id}",
    "enforcementMode": "Default"
  },
  "location": "${default_location}",
  "identity": {
    "type": "None"
  }
}
