{
  "name": "Enforce-TLS-SSL",
  "type": "Microsoft.Authorization/policyAssignments",
  "apiVersion": "2019-09-01",
  "properties": {
    "description": "Choose either Deploy if not exist and append in combination with audit or Select Deny in the Policy effect. Deny polices shift left. Deploy if not exist and append enforce but can be changed, and because missing exsistense condition require then the combination of Audit.",
    "displayName": "Deny or Deploy and append TLS requirements and SSL enforcement on resources without Encryption in transit",
    "notScopes": [],
    "parameters": {},
    "policyDefinitionId": "${root_scope_resource_id}/providers/Microsoft.Authorization/policySetDefinitions/Enforce-EncryptTransit",
    "nonComplianceMessages": [
      {
        "message": "TLS requirements and SSL enforcement {enforcementMode} be configured on all resources that support it."
      }
    ],
    "scope": "${current_scope_resource_id}",
    "enforcementMode": null
  },
  "location": "${default_location}",
  "identity": {
    "type": "SystemAssigned"
  }
}