{
  "name": "Deploy-SQL-Threat",
  "type": "Microsoft.Authorization/policyAssignments",
  "apiVersion": "2019-09-01",
  "properties": {
    "description": "This policy ensures that Threat Detection is enabled on SQL Servers.",
    "displayName": "Deploy Threat Detection on SQL servers",
    "notScopes": [],
    "parameters": {},
    "policyDefinitionId": "/providers/Microsoft.Authorization/policyDefinitions/36d49e87-48c4-4f2e-beed-ba4ed02b71f5",
    "nonComplianceMessages": [
      {
        "message": "SQL Server Threat Detection {enforcementMode} be enabled."
      }
    ],
    "scope": "${current_scope_resource_id}",
    "enforcementMode": null
  },
  "location": "${default_location}",
  "identity": {
    "type": "SystemAssigned"
  }
}