{
  "name": "Deny-AppGW-Without-WAF",
  "type": "Microsoft.Authorization/policyAssignments",
  "apiVersion": "2019-09-01",
  "properties": {
    "description": "Deny creation of App Gateway without WAF.",
    "displayName": "Deny-AppGW-Without-WAF",
    "notScopes": [],
    "parameters": {},
    "policyDefinitionId": "${root_scope_resource_id}/providers/Microsoft.Authorization/policyDefinitions/Deny-AppGW-Without-WAF",
    "nonComplianceMessages": [
      {
        "message": "Application Gateway {enforcementMode} have WAF enabled."
      }
    ],
    "scope": "${current_scope_resource_id}",
    "enforcementMode": null
  },
  "location": "${default_location}",
  "identity": {
    "type": "None"
  }
}