{
  "name": "Deploy-ASC-Monitoring",
  "type": "Microsoft.Authorization/policyAssignments",
  "apiVersion": "2019-09-01",
  "properties": {
    "description": "Microsoft Cloud Security Benchmark policy initiative.",
    "displayName": "Microsoft Cloud Security Benchmark",
    "notScopes": [],
    "parameters": {},
    "policyDefinitionId": "/providers/Microsoft.Authorization/policySetDefinitions/1f3afdf9-d0c9-4c3d-847f-89da613e70a8",
    "nonComplianceMessages": [
      {
        "message": "Microsoft Cloud Security Benchmark {enforcementMode} be met."
      }
    ],
    "scope": "${current_scope_resource_id}",
    "enforcementMode": null
  },
  "location": "${default_location}",
  "identity": {
    "type": "None"
  }
}