{
  "name": "Deploy-AzActivity-Log",
  "type": "Microsoft.Authorization/policyAssignments",
  "apiVersion": "2019-09-01",
  "properties": {
    "description": "Ensures that Activity Log Diagnostics settings are set to push logs into Log Analytics workspace.",
    "displayName": "Deploy Diagnostic Settings for Activity Log to Log Analytics workspace",
    "notScopes": [],
    "parameters": {
      "logAnalytics": {
        "value": "/subscriptions/00000000-0000-0000-0000-000000000000/resourcegroups/${root_scope_id}-mgmt/providers/Microsoft.OperationalInsights/workspaces/${root_scope_id}-la"
      }
    },
    "policyDefinitionId": "/providers/Microsoft.Authorization/policyDefinitions/2465583e-4e78-4c15-b6be-a36cbc7c8b0f",
    "nonComplianceMessages": [
      {
        "message": "Activity log Diagnostic Settings {enforcementMode} be set for Log Analytics workspaces."
      }
    ],
    "scope": "${current_scope_resource_id}",
    "enforcementMode": null
  },
  "location": "${default_location}",
  "identity": {
    "type": "SystemAssigned"
  }
}