{
  "name": "Deploy-MDFC-Config",
  "type": "Microsoft.Authorization/policyAssignments",
  "apiVersion": "2019-09-01",
  "properties": {
    "description": "Deploy Microsoft Defender for Cloud and Security Contacts",
    "displayName": "Deploy Microsoft Defender for Cloud configuration",
    "notScopes": [],
    "parameters": {
      "emailSecurityContact": {
        "value": "security_contact@replace_me"
      },
      "logAnalytics": {
        "value": "${root_scope_id}-la"
      },
      "ascExportResourceGroupName": {
        "value": "${root_scope_id}-asc-export"
      },
      "ascExportResourceGroupLocation": {
        "value": "${default_location}"
      },
      "enableAscForContainers": {
        "value": "Disabled"
      },
      "enableAscForSql": {
        "value": "Disabled"
      },
      "enableAscForSqlOnVm": {
        "value": "Disabled"
      },
      "enableAscForDns": {
        "value": "Disabled"
      },
      "enableAscForArm": {
        "value": "Disabled"
      },
      "enableAscForOssDb": {
        "value": "Disabled"
      },
      "enableAscForAppServices": {
        "value": "Disabled"
      },
      "enableAscForKeyVault": {
        "value": "Disabled"
      },
      "enableAscForStorage": {
        "value": "Disabled"
      },
      "enableAscForServers": {
        "value": "Disabled"
      }
    },
    "policyDefinitionId": "${root_scope_resource_id}/providers/Microsoft.Authorization/policySetDefinitions/Deploy-MDFC-Config",
    "nonComplianceMessages": [
      {
        "message": "Microsoft Defender for Cloud and Security Contacts {enforcementMode} be deployed."
      }
    ],
    "scope": "${current_scope_resource_id}",
    "enforcementMode": null
  },
  "location": "${default_location}",
  "identity": {
    "type": "SystemAssigned"
  }
}
