{
  "name": "Deny-Public-Endpoints",
  "type": "Microsoft.Authorization/policyAssignments",
  "apiVersion": "2019-09-01",
  "properties": {
    "description": "This policy initiative is a group of policies that prevents creation of Azure PaaS services with exposed public endpoints.",
    "displayName": "Public network access should be disabled for PaaS services",
    "notScopes": [],
    "parameters": {},
    "policyDefinitionId": "${root_scope_resource_id}/providers/Microsoft.Authorization/policySetDefinitions/Deny-PublicPaaSEndpoints",
    "nonComplianceMessages": [
      {
        "message": "Public network access {enforcementMode} be disabled for PaaS services."
      }
    ],
    "scope": "${current_scope_resource_id}",
    "enforcementMode": "Default"
  },
  "location": "${default_location}",
  "identity": {
    "type": "None"
  }
}
